_id,County,Jurisdiction,Planning Period,Record Type,Review Status,Date Received,Date Reviewed,Compliance Status
1,ALAMEDA,ALAMEDA,6,ADOPTED,IN,11/16/2022,12/20/2022,IN
2,ALAMEDA,ALAMEDA COUNTY,6,INITIAL DRAFT,OUT,10/6/2023,1/4/2024,OUT
3,ALAMEDA,ALBANY,6,ADOPTED,IN,8/16/2023,9/8/2023,IN
4,ALAMEDA,BERKELEY,6,ADOPTED,IN,1/24/2023,2/28/2023,IN
5,ALAMEDA,DUBLIN,6,ADOPTED,IN,11/22/2023,1/19/2024,IN
6,ALAMEDA,EMERYVILLE,6,ADOPTED,IN,1/20/2023,2/3/2023,IN
7,ALAMEDA,FREMONT,6,ADOPTED,IN,1/23/2023,3/22/2023,IN
8,ALAMEDA,HAYWARD,6,ADOPTED,IN,6/7/2023,7/27/2023,IN
9,ALAMEDA,LIVERMORE,6,ADOPTED,IN,3/14/2023,3/24/2023,IN
10,ALAMEDA,NEWARK,6,ADOPTED,IN,11/1/2023,12/21/2023,IN
11,ALAMEDA,OAKLAND,6,ADOPTED,IN,2/13/2023,2/17/2023,IN
12,ALAMEDA,PIEDMONT,6,ADOPTED,IN,9/11/2023,11/9/2023,IN
13,ALAMEDA,PLEASANTON,6,ADOPTED,IN,6/27/2023,8/25/2023,IN
14,ALAMEDA,SAN LEANDRO,6,ADOPTED,IN,12/9/2022,2/2/2023,IN
15,ALAMEDA,UNION CITY,6,ADOPTED,IN,5/25/2023,5/30/2023,IN
16,ALPINE,ALPINE COUNTY,6,INITIAL DRAFT,OUT,8/4/2022,11/2/2022,OUT
17,AMADOR,AMADOR,6,INITIAL DRAFT,OUT,2/8/2023,5/8/2023,OUT
18,AMADOR,AMADOR COUNTY,6,ADOPTED,OUT,12/22/2023,2/20/2024,OUT
19,AMADOR,IONE,6,INITIAL DRAFT,OUT,2/8/2023,5/8/2023,OUT
20,AMADOR,JACKSON,6,INITIAL DRAFT,OUT,2/8/2023,5/8/2023,OUT
21,AMADOR,PLYMOUTH,6,INITIAL DRAFT,OUT,2/8/2023,5/8/2023,OUT
22,AMADOR,SUTTER CREEK,6,ADOPTED,IN REVIEW,1/22/2024,,OUT
23,BUTTE,BIGGS,6,SUBSEQUENT DRAFT,OUT,6/14/2023,8/11/2023,OUT
24,BUTTE,BUTTE COUNTY,6,ADOPTED,IN,1/25/2023,2/22/2023,IN
25,BUTTE,CHICO,6,ADOPTED,IN,9/25/2023,11/6/2023,IN
26,BUTTE,GRIDLEY,6,NEW CYCLE,DUE,6/15/2022,6/15/2022,OUT
27,BUTTE,OROVILLE,6,ADOPTED,IN,4/26/2023,5/3/2023,IN
28,BUTTE,PARADISE,6,ADOPTED,IN,2/8/2023,2/28/2023,IN
29,CALAVERAS,ANGELS CAMP,6,ADOPTED,IN,10/28/2019,12/6/2019,IN
30,CALAVERAS,CALAVERAS COUNTY,6,ADOPTED,IN,9/13/2019,10/22/2019,IN
31,COLUSA,COLUSA,6,ADOPTED,IN,12/30/2020,3/1/2021,IN
32,COLUSA,COLUSA COUNTY,6,ADOPTED,IN,7/8/2020,7/17/2020,IN
33,COLUSA,WILLIAMS,6,ADOPTED,IN,11/3/2020,12/4/2020,IN
34,CONTRA COSTA,ANTIOCH,6,ADOPTED,IN,8/15/2023,10/12/2023,IN
35,CONTRA COSTA,BRENTWOOD,6,ADOPTED,IN REVIEW,2/14/2024,,OUT
36,CONTRA COSTA,CLAYTON,6,ADOPTED,IN REVIEW,3/15/2024,,OUT
37,CONTRA COSTA,CONCORD,6,ADOPTED,IN,9/15/2023,10/20/2023,IN
38,CONTRA COSTA,CONTRA COSTA COUNTY,6,ADOPTED,IN,12/13/2023,1/22/2024,IN
39,CONTRA COSTA,DANVILLE,6,ADOPTED,IN REVIEW,2/9/2024,,OUT
40,CONTRA COSTA,EL CERRITO,6,ADOPTED,IN,8/17/2023,8/22/2023,IN
41,CONTRA COSTA,HERCULES,6,SUBSEQUENT DRAFT,OUT,11/14/2023,1/12/2024,OUT
42,CONTRA COSTA,LAFAYETTE,6,SUBSEQUENT DRAFT,OUT,12/14/2023,2/12/2024,OUT
43,CONTRA COSTA,MARTINEZ,6,ADOPTED,OUT,12/21/2023,2/16/2024,OUT
44,CONTRA COSTA,MORAGA,6,ADOPTED,IN,7/17/2023,9/14/2023,IN
45,CONTRA COSTA,OAKLEY,6,ADOPTED,IN,3/29/2023,5/24/2023,IN
46,CONTRA COSTA,ORINDA,6,ADOPTED,IN,2/1/2023,3/30/2023,IN
47,CONTRA COSTA,PINOLE,6,ADOPTED,IN,6/23/2023,7/20/2023,IN
48,CONTRA COSTA,PITTSBURG,6,INITIAL DRAFT,OUT,5/5/2023,8/3/2023,OUT
49,CONTRA COSTA,PLEASANT HILL,6,ADOPTED,IN,10/31/2023,11/22/2023,IN
50,CONTRA COSTA,RICHMOND,6,ADOPTED,IN,9/26/2023,10/2/2023,IN
51,CONTRA COSTA,SAN PABLO,6,SUBSEQUENT DRAFT,OUT,9/25/2023,11/22/2023,OUT
52,CONTRA COSTA,SAN RAMON,6,ADOPTED,IN,2/6/2023,2/27/2023,IN
53,CONTRA COSTA,WALNUT CREEK,6,ADOPTED,IN,8/25/2023,10/24/2023,IN
54,DEL NORTE,CRESCENT CITY,6,ADOPTED,IN,9/18/2023,11/17/2023,IN
55,DEL NORTE,DEL NORTE COUNTY,6,ADOPTED,IN,2/15/2023,2/24/2023,IN
56,EL DORADO,EL DORADO COUNTY,6,ADOPTED,IN,3/23/2022,5/10/2022,IN
57,EL DORADO,PLACERVILLE,6,ADOPTED,IN,12/20/2022,12/21/2022,IN
58,EL DORADO,SOUTH LAKE TAHOE,6,ADOPTED,IN,7/7/2022,8/30/2022,IN
59,FRESNO,CLOVIS,6,SUBSEQUENT DRAFT,OUT,12/5/2023,2/1/2024,OUT
60,FRESNO,COALINGA,6,SUBSEQUENT DRAFT,IN REVIEW,3/14/2024,,OUT
61,FRESNO,FIREBAUGH,6,INITIAL DRAFT,OUT,11/1/2023,1/29/2024,OUT
62,FRESNO,FOWLER,6,SUBSEQUENT DRAFT,IN REVIEW,3/15/2024,,OUT
63,FRESNO,FRESNO,6,INITIAL DRAFT,OUT,11/3/2023,2/1/2024,OUT
64,FRESNO,FRESNO COUNTY,6,INITIAL DRAFT,OUT,12/18/2023,3/15/2024,OUT
65,FRESNO,HURON,6,INITIAL DRAFT,OUT,10/20/2023,1/18/2024,OUT
66,FRESNO,KERMAN,6,SUBSEQUENT DRAFT,IN REVIEW,2/27/2024,,OUT
67,FRESNO,KINGSBURG,6,SUBSEQUENT DRAFT,IN REVIEW,2/14/2024,,OUT
68,FRESNO,MENDOTA,6,INITIAL DRAFT,OUT,9/29/2023,12/26/2023,OUT
69,FRESNO,ORANGE COVE,6,SUBSEQUENT DRAFT,IN REVIEW,2/14/2024,,OUT
70,FRESNO,PARLIER,6,INITIAL DRAFT,OUT,11/13/2023,2/9/2024,OUT
71,FRESNO,REEDLEY,6,SUBSEQUENT DRAFT,IN,2/16/2024,2/27/2024,OUT
72,FRESNO,SAN JOAQUIN,6,SUBSEQUENT DRAFT,IN,3/11/2024,3/19/2024,OUT
73,FRESNO,SANGER,6,INITIAL DRAFT,OUT,10/9/2023,1/4/2024,OUT
74,FRESNO,SELMA,6,INITIAL DRAFT,IN REVIEW,12/28/2023,,OUT
75,GLENN,GLENN COUNTY,6,ADOPTED,OUT,12/22/2023,2/20/2024,OUT
76,GLENN,ORLAND,6,SUBSEQUENT DRAFT,IN,11/20/2023,11/21/2023,OUT
77,GLENN,WILLOWS,6,ADOPTED,IN,2/15/2023,3/28/2023,IN
78,HUMBOLDT,ARCATA,6,ADOPTED,IN,12/23/2019,1/28/2020,IN
79,HUMBOLDT,BLUE LAKE,6,SUBSEQUENT DRAFT,OUT,8/28/2023,9/20/2023,OUT
80,HUMBOLDT,EUREKA,6,ADOPTED,IN,11/3/2022,11/10/2022,IN
81,HUMBOLDT,FERNDALE,6,ADOPTED,IN,10/29/2019,12/11/2019,IN
82,HUMBOLDT,FORTUNA,6,ADOPTED,IN,8/26/2019,9/16/2019,IN
83,HUMBOLDT,HUMBOLDT COUNTY,6,ADOPTED,IN,8/27/2019,10/22/2019,IN
84,HUMBOLDT,RIO DELL,6,ADOPTED,IN,6/16/2022,8/9/2022,IN
85,HUMBOLDT,TRINIDAD,6,ADOPTED,IN,4/22/2020,5/12/2020,IN
86,IMPERIAL,BRAWLEY,6,ADOPTED,IN,8/23/2023,10/16/2023,IN
87,IMPERIAL,CALEXICO,6,SUBSEQUENT DRAFT,OUT,7/13/2022,9/9/2022,OUT
88,IMPERIAL,CALIPATRIA,6,ADOPTED,IN,8/5/2022,9/30/2022,IN
89,IMPERIAL,EL CENTRO,6,ADOPTED,IN,2/18/2022,4/11/2022,IN
90,IMPERIAL,HOLTVILLE,6,ADOPTED,IN,6/13/2022,7/22/2022,IN
91,IMPERIAL,IMPERIAL,6,ADOPTED,IN,9/22/2022,9/30/2022,IN
92,IMPERIAL,IMPERIAL COUNTY,6,ADOPTED,IN,2/17/2022,3/16/2022,IN
93,IMPERIAL,WESTMORLAND,6,SUBSEQUENT DRAFT,IN REVIEW,3/8/2024,,OUT
94,INYO,BISHOP,6,ADOPTED,IN,6/9/2022,8/1/2022,IN
95,INYO,INYO COUNTY,6,ADOPTED,IN,9/29/2023,10/30/2023,IN
96,KERN,ARVIN,6,SUBSEQUENT DRAFT,OUT,1/11/2024,3/11/2024,OUT
97,KERN,BAKERSFIELD,6,INITIAL DRAFT,OUT,6/22/2023,9/20/2023,OUT
98,KERN,CALIFORNIA CITY,6,NEW CYCLE,DUE,12/31/2023,12/31/2023,OUT
99,KERN,DELANO,6,NEW CYCLE,DUE,12/31/2023,12/31/2023,OUT
100,KERN,KERN COUNTY,6,INITIAL DRAFT,OUT,12/7/2023,3/6/2024,OUT
101,KERN,MARICOPA,6,NEW CYCLE,DUE,12/31/2023,12/31/2023,OUT
102,KERN,MCFARLAND,6,INITIAL DRAFT,OUT,12/1/2022,3/1/2023,IN
103,KERN,RIDGECREST,6,INITIAL DRAFT,OUT,10/23/2023,1/17/2024,OUT
104,KERN,SHAFTER,6,ADOPTED,IN REVIEW,3/7/2024,,OUT
105,KERN,TAFT,6,NEW CYCLE,DUE,12/31/2023,12/31/2023,OUT
106,KERN,TEHACHAPI,6,INITIAL DRAFT,OUT,12/4/2023,3/1/2024,OUT
107,KERN,WASCO,6,SUBSEQUENT DRAFT,IN REVIEW,1/24/2024,,OUT
108,KINGS,AVENAL,6,NEW CYCLE,DUE,1/31/2024,1/31/2024,OUT
109,KINGS,CORCORAN,6,NEW CYCLE,DUE,1/31/2024,1/31/2024,OUT
110,KINGS,HANFORD,6,NEW CYCLE,DUE,1/31/2024,1/31/2024,OUT
111,KINGS,KINGS COUNTY,6,NEW CYCLE,DUE,1/31/2024,1/31/2024,OUT
112,KINGS,LEMOORE,6,NEW CYCLE,DUE,1/31/2024,1/31/2024,OUT
113,LAKE,CLEARLAKE,6,ADOPTED,IN,10/28/2019,12/5/2019,IN
114,LAKE,LAKE COUNTY,6,ADOPTED,IN,6/18/2020,9/16/2020,IN
115,LAKE,LAKEPORT,6,ADOPTED,IN,7/20/2020,7/28/2020,IN
116,LASSEN,LASSEN COUNTY,7,INITIAL DRAFT,IN REVIEW,3/11/2024,,IN
117,LASSEN,SUSANVILLE,6,ADOPTED,IN,4/14/2020,4/28/2020,IN
118,LOS ANGELES,AGOURA HILLS,6,ADOPTED,IN,8/15/2022,10/12/2022,IN
119,LOS ANGELES,ALHAMBRA,6,ADOPTED,IN REVIEW,1/26/2024,,OUT
120,LOS ANGELES,ARCADIA,6,ADOPTED,IN,12/12/2023,2/9/2024,IN
121,LOS ANGELES,ARTESIA,6,ADOPTED,OUT,3/23/2022,5/20/2022,OUT
122,LOS ANGELES,AVALON,6,ADOPTED,IN,9/29/2022,10/12/2022,IN
123,LOS ANGELES,AZUSA,6,ADOPTED,IN,6/23/2023,7/27/2023,IN
124,LOS ANGELES,BALDWIN PARK,6,ADOPTED,IN,7/20/2023,8/24/2023,IN
125,LOS ANGELES,BELL,6,ADOPTED,IN,10/13/2022,10/15/2022,IN
126,LOS ANGELES,BELL GARDENS,6,ADOPTED,IN,7/27/2022,8/18/2022,IN
127,LOS ANGELES,BELLFLOWER,6,ADOPTED,IN,7/21/2022,9/9/2022,IN
128,LOS ANGELES,BEVERLY HILLS,6,ADOPTED,IN REVIEW,3/19/2024,,OUT
129,LOS ANGELES,BRADBURY,6,ADOPTED,IN,11/8/2023,1/3/2024,IN
130,LOS ANGELES,BURBANK,6,ADOPTED,IN,9/28/2022,10/7/2022,IN
131,LOS ANGELES,CALABASAS,6,ADOPTED,IN,4/1/2022,4/25/2022,IN
132,LOS ANGELES,CARSON,6,ADOPTED,OUT,9/12/2022,11/7/2022,OUT
133,LOS ANGELES,CERRITOS,6,ADOPTED,IN,7/29/2022,9/1/2022,IN
134,LOS ANGELES,CLAREMONT,6,SUBSEQUENT DRAFT,OUT,1/9/2024,3/8/2024,OUT
135,LOS ANGELES,COMMERCE,6,SUBSEQUENT DRAFT,OUT,12/22/2023,2/20/2024,OUT
136,LOS ANGELES,COMPTON,6,INITIAL DRAFT,IN REVIEW,2/7/2024,,OUT
137,LOS ANGELES,COVINA,6,ADOPTED,IN,2/15/2024,2/29/2024,IN
138,LOS ANGELES,CUDAHY,6,ADOPTED,IN,9/14/2023,11/13/2023,IN
139,LOS ANGELES,CULVER CITY,6,ADOPTED,IN,8/11/2022,10/10/2022,IN
140,LOS ANGELES,DIAMOND BAR,6,ADOPTED,IN,8/12/2022,10/5/2022,IN
141,LOS ANGELES,DOWNEY,6,ADOPTED,IN,10/13/2022,10/14/2022,IN
142,LOS ANGELES,DUARTE,6,ADOPTED,IN,1/31/2022,2/9/2022,IN
143,LOS ANGELES,EL MONTE,6,ADOPTED,IN,8/2/2022,9/30/2022,IN
144,LOS ANGELES,EL SEGUNDO,6,ADOPTED,OUT,11/18/2022,1/17/2023,OUT
145,LOS ANGELES,GARDENA,6,ADOPTED,IN,2/17/2023,2/27/2023,IN
146,LOS ANGELES,GLENDALE,6,ADOPTED,IN,2/16/2023,2/27/2023,IN
147,LOS ANGELES,GLENDORA,6,ADOPTED,IN,7/14/2023,8/10/2023,IN
148,LOS ANGELES,HAWAIIAN GARDENS,6,SUBSEQUENT DRAFT,IN REVIEW,3/8/2024,,OUT
149,LOS ANGELES,HAWTHORNE,6,ADOPTED,IN,8/15/2022,10/12/2022,IN
150,LOS ANGELES,HERMOSA BEACH,6,ADOPTED,IN REVIEW,2/7/2024,,OUT
151,LOS ANGELES,HIDDEN HILLS,6,ADOPTED,OUT,5/2/2023,6/30/2023,OUT
152,LOS ANGELES,HUNTINGTON PARK,6,ADOPTED,IN,2/1/2024,2/7/2024,IN
153,LOS ANGELES,INDUSTRY,6,ADOPTED,IN,7/13/2023,9/11/2023,IN
154,LOS ANGELES,INGLEWOOD,6,ADOPTED,IN,10/4/2023,11/29/2023,IN
155,LOS ANGELES,IRWINDALE,6,SUBSEQUENT DRAFT,IN REVIEW,3/5/2024,,OUT
156,LOS ANGELES,LA CANADA FLINTRIDGE,6,ADOPTED,IN,9/19/2023,11/17/2023,IN
157,LOS ANGELES,LA HABRA HEIGHTS,6,ADOPTED,OUT,8/10/2022,10/6/2022,OUT
158,LOS ANGELES,LA MIRADA,6,ADOPTED,OUT,12/1/2023,1/29/2024,OUT
159,LOS ANGELES,LA PUENTE,6,ADOPTED,IN,8/9/2022,10/7/2022,IN
160,LOS ANGELES,LA VERNE,6,ADOPTED,IN,12/7/2022,12/21/2022,IN
161,LOS ANGELES,LAKEWOOD,6,ADOPTED,IN,8/12/2022,9/16/2022,IN
162,LOS ANGELES,LANCASTER,6,ADOPTED,IN,1/13/2023,2/9/2023,IN
163,LOS ANGELES,LAWNDALE,6,ADOPTED,IN,10/6/2022,10/13/2022,IN
164,LOS ANGELES,LOMITA,6,ADOPTED,IN,8/15/2022,10/14/2022,IN
165,LOS ANGELES,LONG BEACH,6,ADOPTED,IN,2/11/2022,4/8/2022,IN
166,LOS ANGELES,LOS ANGELES,6,ADOPTED,IN,6/14/2022,6/29/2022,IN
167,LOS ANGELES,LOS ANGELES COUNTY,6,ADOPTED,IN,5/17/2022,5/27/2022,IN
168,LOS ANGELES,LYNWOOD,6,SUBSEQUENT DRAFT,IN REVIEW,2/23/2024,,OUT
169,LOS ANGELES,MALIBU,6,ADOPTED,IN REVIEW,2/7/2024,,OUT
170,LOS ANGELES,MANHATTAN BEACH,6,ADOPTED,IN,5/31/2023,7/27/2023,IN
171,LOS ANGELES,MAYWOOD,6,ADOPTED,IN,12/20/2023,12/20/2023,IN
172,LOS ANGELES,MONROVIA,6,ADOPTED,IN,11/3/2022,12/29/2022,IN
173,LOS ANGELES,MONTEBELLO,6,ADOPTED,IN,6/24/2022,7/11/2022,IN
174,LOS ANGELES,MONTEREY PARK,6,ADOPTED,IN,3/23/2023,3/30/2023,IN
175,LOS ANGELES,NORWALK,6,ADOPTED,IN,11/7/2023,11/21/2023,IN
176,LOS ANGELES,PALMDALE,6,ADOPTED,IN,8/29/2023,10/9/2023,IN
177,LOS ANGELES,PALOS VERDES ESTATES,6,ADOPTED,OUT,2/11/2022,4/12/2022,OUT
178,LOS ANGELES,PARAMOUNT,6,ADOPTED,IN,8/15/2022,10/7/2022,IN
179,LOS ANGELES,PASADENA,6,ADOPTED,IN,1/11/2023,3/10/2023,IN
180,LOS ANGELES,PICO RIVERA,6,ADOPTED,IN,2/28/2024,2/29/2024,IN
181,LOS ANGELES,POMONA,6,ADOPTED,IN,8/8/2022,9/30/2022,IN
182,LOS ANGELES,RANCHO PALOS VERDES,6,SUBSEQUENT DRAFT,IN REVIEW,2/6/2024,,OUT
183,LOS ANGELES,REDONDO BEACH,6,ADOPTED,IN,7/11/2022,9/1/2022,IN
184,LOS ANGELES,ROLLING HILLS,6,ADOPTED,IN,9/28/2022,11/23/2022,IN
185,LOS ANGELES,ROLLING HILLS ESTATES,6,ADOPTED,IN,4/27/2023,5/24/2023,IN
186,LOS ANGELES,ROSEMEAD,6,ADOPTED,IN,6/3/2022,8/1/2022,IN
187,LOS ANGELES,SAN DIMAS,6,ADOPTED,IN,9/29/2022,10/14/2022,IN
188,LOS ANGELES,SAN FERNANDO,6,ADOPTED,IN,6/10/2022,8/9/2022,IN
189,LOS ANGELES,SAN GABRIEL,6,ADOPTED,IN,2/7/2022,2/10/2022,IN
190,LOS ANGELES,SAN MARINO,6,ADOPTED,OUT,2/11/2022,4/12/2022,OUT
191,LOS ANGELES,SANTA CLARITA,6,ADOPTED,IN,7/5/2023,8/22/2023,IN
192,LOS ANGELES,SANTA FE SPRINGS,6,SUBSEQUENT DRAFT,OUT,1/22/2024,3/18/2024,OUT
193,LOS ANGELES,SANTA MONICA,6,ADOPTED,IN,10/12/2022,10/14/2022,IN
194,LOS ANGELES,SIERRA MADRE,6,ADOPTED,IN,7/28/2022,8/10/2022,IN
195,LOS ANGELES,SIGNAL HILL,6,ADOPTED,IN,9/28/2022,10/13/2022,IN
196,LOS ANGELES,SOUTH EL MONTE,6,ADOPTED,OUT,12/18/2023,2/8/2024,OUT
197,LOS ANGELES,SOUTH GATE,6,ADOPTED,IN,1/24/2024,2/28/2024,IN
198,LOS ANGELES,SOUTH PASADENA,6,ADOPTED,OUT,12/15/2023,2/13/2024,OUT
199,LOS ANGELES,TEMPLE CITY,6,ADOPTED,IN,10/19/2022,12/16/2022,IN
200,LOS ANGELES,TORRANCE,6,ADOPTED,IN,8/15/2022,10/12/2022,IN
201,LOS ANGELES,VERNON,6,ADOPTED,OUT,9/26/2023,11/21/2023,OUT
202,LOS ANGELES,WALNUT,6,ADOPTED,IN,8/28/2023,9/18/2023,IN
203,LOS ANGELES,WEST COVINA,6,ADOPTED,OUT,1/3/2024,3/1/2024,OUT
204,LOS ANGELES,WEST HOLLYWOOD,6,ADOPTED,IN,2/27/2023,4/28/2023,IN
205,LOS ANGELES,WESTLAKE VILLAGE,6,ADOPTED,IN,12/14/2021,2/10/2022,IN
206,LOS ANGELES,WHITTIER,6,ADOPTED,IN,8/16/2022,10/12/2022,IN
207,MADERA,CHOWCHILLA,6,INITIAL DRAFT,OUT,11/30/2023,2/28/2024,OUT
208,MADERA,MADERA,6,NEW CYCLE,DUE,1/31/2024,1/31/2024,OUT
209,MADERA,MADERA COUNTY,6,NEW CYCLE,DUE,1/31/2024,1/31/2024,OUT
210,MARIN,BELVEDERE,6,SUBSEQUENT DRAFT,IN REVIEW,1/30/2024,,OUT
211,MARIN,CORTE MADERA,6,ADOPTED,IN,6/21/2023,8/15/2023,IN
212,MARIN,FAIRFAX,6,ADOPTED,IN REVIEW,3/14/2024,,OUT
213,MARIN,LARKSPUR,6,SUBSEQUENT DRAFT,OUT,12/1/2023,1/30/2024,OUT
214,MARIN,MARIN COUNTY,6,ADOPTED,IN,5/17/2023,6/19/2023,IN
215,MARIN,MILL VALLEY,6,ADOPTED,IN,10/27/2023,12/22/2023,IN
216,MARIN,NOVATO,6,SUBSEQUENT DRAFT,IN REVIEW,2/2/2024,,OUT
217,MARIN,ROSS,6,SUBSEQUENT DRAFT,OUT,11/15/2023,1/11/2024,OUT
218,MARIN,SAN ANSELMO,6,ADOPTED,IN REVIEW,1/30/2024,,OUT
219,MARIN,SAN RAFAEL,6,ADOPTED,IN,5/18/2023,6/22/2023,IN
220,MARIN,SAUSALITO,6,ADOPTED,IN,2/27/2023,4/28/2023,IN
221,MARIN,TIBURON,6,ADOPTED,IN,9/22/2023,10/18/2023,IN
222,MARIPOSA,MARIPOSA COUNTY,6,ADOPTED,IN,9/9/2019,10/2/2019,IN
223,MENDOCINO,FORT BRAGG,6,ADOPTED,IN,9/24/2019,12/12/2019,IN
224,MENDOCINO,MENDOCINO COUNTY,6,ADOPTED,IN,10/1/2020,12/3/2020,IN
225,MENDOCINO,POINT ARENA,6,ADOPTED,IN,10/22/2019,11/21/2019,IN
226,MENDOCINO,UKIAH,6,ADOPTED,IN,10/28/2019,12/5/2019,IN
227,MENDOCINO,WILLITS,6,ADOPTED,IN,12/17/2019,1/9/2020,IN
228,MERCED,ATWATER,6,NEW CYCLE,DUE,1/31/2024,1/31/2024,OUT
229,MERCED,DOS PALOS,6,NEW CYCLE,DUE,1/31/2024,1/31/2024,OUT
230,MERCED,GUSTINE,6,NEW CYCLE,DUE,1/31/2024,1/31/2024,OUT
231,MERCED,LIVINGSTON,6,NEW CYCLE,DUE,1/31/2024,1/31/2024,OUT
232,MERCED,LOS BANOS,6,NEW CYCLE,DUE,1/31/2024,1/31/2024,OUT
233,MERCED,MERCED,6,NEW CYCLE,DUE,1/31/2024,1/31/2024,OUT
234,MERCED,MERCED COUNTY,6,NEW CYCLE,DUE,1/31/2024,1/31/2024,OUT
235,MODOC,ALTURAS,6,ADOPTED,IN,3/3/2020,3/10/2020,IN
236,MODOC,MODOC COUNTY,6,ADOPTED,IN,1/26/2021,3/18/2021,IN
237,MONO,MAMMOTH LAKES,6,ADOPTED,IN,8/26/2019,9/19/2019,IN
238,MONO,MONO COUNTY,6,ADOPTED,IN,2/24/2020,3/11/2020,IN
239,MONTEREY,CARMEL,6,SUBSEQUENT DRAFT,IN REVIEW,1/24/2024,,OUT
240,MONTEREY,DEL REY OAKS,6,ADOPTED,OUT,12/14/2023,2/12/2024,OUT
241,MONTEREY,GONZALES,6,INITIAL DRAFT,IN REVIEW,2/29/2024,,OUT
242,MONTEREY,GREENFIELD,6,INITIAL DRAFT,OUT,10/20/2023,1/18/2024,OUT
243,MONTEREY,KING CITY,6,INITIAL DRAFT,OUT,12/18/2023,3/15/2024,OUT
244,MONTEREY,MARINA,6,ADOPTED,OUT,12/13/2023,2/9/2024,OUT
245,MONTEREY,MONTEREY,6,INITIAL DRAFT,OUT,9/26/2023,12/22/2023,OUT
246,MONTEREY,MONTEREY COUNTY,6,NEW CYCLE,DUE,12/15/2023,12/15/2023,OUT
247,MONTEREY,PACIFIC GROVE,6,INITIAL DRAFT,OUT,11/2/2023,1/31/2024,OUT
248,MONTEREY,SALINAS,6,ADOPTED,IN,12/12/2023,2/8/2024,IN
249,MONTEREY,SAND CITY,6,SUBSEQUENT DRAFT,IN REVIEW,2/28/2024,,OUT
250,MONTEREY,SEASIDE,6,ADOPTED,OUT,12/11/2023,2/8/2024,OUT
251,MONTEREY,SOLEDAD,6,INITIAL DRAFT,OUT,12/8/2023,3/7/2024,OUT
252,NAPA,AMERICAN CANYON,6,ADOPTED,IN,5/1/2023,6/30/2023,IN
253,NAPA,CALISTOGA,6,ADOPTED,IN,8/10/2023,10/9/2023,IN
254,NAPA,NAPA,6,ADOPTED,IN,11/6/2023,12/11/2023,IN
255,NAPA,NAPA COUNTY,6,ADOPTED,OUT,1/3/2024,2/22/2024,OUT
256,NAPA,SAINT HELENA,6,ADOPTED,IN,8/31/2023,9/25/2023,IN
257,NAPA,YOUNTVILLE,6,SUBSEQUENT DRAFT,IN REVIEW,3/8/2024,,OUT
258,NEVADA,GRASS VALLEY,6,ADOPTED,IN,8/16/2019,10/2/2019,IN
259,NEVADA,NEVADA CITY,6,ADOPTED,IN,11/19/2019,12/5/2019,IN
260,NEVADA,NEVADA COUNTY,6,ADOPTED,IN,7/3/2019,7/22/2019,IN
261,NEVADA,TRUCKEE,6,ADOPTED,IN,8/30/2019,9/16/2019,IN
262,ORANGE,ALISO VIEJO,6,ADOPTED,OUT,11/22/2023,1/19/2024,OUT
263,ORANGE,ANAHEIM,6,SUBSEQUENT DRAFT,OUT,5/3/2023,6/28/2023,OUT
264,ORANGE,BREA,6,ADOPTED,IN,8/17/2022,9/8/2022,IN
265,ORANGE,BUENA PARK,6,ADOPTED,IN,2/14/2024,2/29/2024,IN
266,ORANGE,COSTA MESA,6,ADOPTED,OUT,3/10/2023,5/9/2023,OUT
267,ORANGE,CYPRESS,6,ADOPTED,IN,7/12/2022,9/9/2022,IN
268,ORANGE,DANA POINT,6,ADOPTED,IN,9/23/2022,10/20/2022,IN
269,ORANGE,FOUNTAIN VALLEY,6,ADOPTED,IN,10/7/2022,10/13/2022,IN
270,ORANGE,FULLERTON,6,DRAFT,OUT,11/30/2021,1/27/2022,OUT
271,ORANGE,GARDEN GROVE,6,ADOPTED,IN,10/13/2023,12/12/2023,IN
272,ORANGE,HUNTINGTON BEACH,6,SUBSEQUENT DRAFT,IN,8/1/2022,9/30/2022,OUT
273,ORANGE,IRVINE,6,ADOPTED,IN,5/12/2022,5/24/2022,IN
274,ORANGE,LA HABRA,6,ADOPTED,IN,2/22/2023,4/21/2023,IN
275,ORANGE,LA PALMA,6,ADOPTED,OUT,12/22/2023,2/20/2024,OUT
276,ORANGE,LAGUNA BEACH,6,ADOPTED,IN,1/27/2023,2/7/2023,IN
277,ORANGE,LAGUNA HILLS,6,SUBSEQUENT DRAFT,IN,3/9/2023,5/8/2023,OUT
278,ORANGE,LAGUNA NIGUEL,6,ADOPTED,IN,2/16/2024,2/22/2024,IN
279,ORANGE,LAGUNA WOODS,6,ADOPTED,OUT,8/17/2023,10/12/2023,OUT
280,ORANGE,LAKE FOREST,6,ADOPTED,IN,1/6/2023,2/24/2023,IN
281,ORANGE,LOS ALAMITOS,6,ADOPTED,IN,3/6/2023,5/1/2023,IN
282,ORANGE,MISSION VIEJO,6,ADOPTED,IN,1/27/2024,2/8/2024,IN
283,ORANGE,NEWPORT BEACH,6,ADOPTED,IN,9/15/2022,10/5/2022,IN
284,ORANGE,ORANGE,6,ADOPTED,IN,11/3/2023,1/2/2024,IN
285,ORANGE,ORANGE COUNTY,6,SUBSEQUENT DRAFT,OUT,7/31/2023,9/29/2023,OUT
286,ORANGE,PLACENTIA,6,ADOPTED,IN,2/23/2024,2/29/2024,IN
287,ORANGE,RANCHO SANTA MARGARITA,6,ADOPTED,IN,8/25/2022,9/13/2022,IN
288,ORANGE,SAN CLEMENTE,6,ADOPTED,IN,9/22/2022,10/12/2022,IN
289,ORANGE,SAN JUAN CAPISTRANO,6,ADOPTED,IN,8/15/2022,9/22/2022,IN
290,ORANGE,SANTA ANA,6,ADOPTED,IN,7/26/2022,9/16/2022,IN
291,ORANGE,SEAL BEACH,6,SUBSEQUENT DRAFT,OUT,8/31/2023,10/30/2023,OUT
292,ORANGE,STANTON,6,ADOPTED,IN,7/8/2022,8/30/2022,IN
293,ORANGE,TUSTIN,6,ADOPTED,IN,10/5/2022,10/10/2022,IN
294,ORANGE,VILLA PARK,6,SUBSEQUENT DRAFT,OUT,5/18/2023,7/12/2023,OUT
295,ORANGE,WESTMINSTER,6,ADOPTED,IN,3/27/2023,5/22/2023,IN
296,ORANGE,YORBA LINDA,6,SUBSEQUENT DRAFT,IN,2/16/2024,2/23/2024,IN
297,PLACER,AUBURN,6,ADOPTED,IN,6/3/2021,8/26/2021,IN
298,PLACER,COLFAX,6,ADOPTED,IN,10/5/2021,12/27/2021,IN
299,PLACER,LINCOLN,6,ADOPTED,IN,5/21/2021,8/12/2021,IN
300,PLACER,LOOMIS,6,ADOPTED,IN,8/25/2021,11/19/2021,IN
301,PLACER,PLACER COUNTY,6,SUBSEQUENT DRAFT,IN REVIEW,3/14/2024,,IN
302,PLACER,ROCKLIN,6,ADOPTED,IN,9/1/2021,11/29/2021,IN
303,PLACER,ROSEVILLE,6,ADOPTED,IN,8/19/2021,11/17/2021,IN
304,PLUMAS,PLUMAS COUNTY,6,ADOPTED,IN,10/31/2019,12/5/2019,IN
305,PLUMAS,PORTOLA,6,ADOPTED,IN,8/20/2019,10/2/2019,IN
306,RIVERSIDE,BANNING,6,ADOPTED,IN REVIEW,2/1/2024,,OUT
307,RIVERSIDE,BEAUMONT,6,ADOPTED,IN,10/18/2022,12/12/2022,IN
308,RIVERSIDE,BLYTHE,6,SUBSEQUENT DRAFT,OUT,12/28/2023,2/26/2024,OUT
309,RIVERSIDE,CALIMESA,6,SUBSEQUENT DRAFT,OUT,11/22/2023,1/19/2024,OUT
310,RIVERSIDE,CANYON LAKE,6,SUBSEQUENT DRAFT,OUT,1/5/2024,3/4/2024,OUT
311,RIVERSIDE,CATHEDRAL,6,ADOPTED,IN,7/10/2023,7/26/2023,IN
312,RIVERSIDE,COACHELLA,6,ADOPTED,OUT,10/2/2023,12/1/2023,OUT
313,RIVERSIDE,CORONA,6,ADOPTED,IN,10/4/2022,10/12/2022,IN
314,RIVERSIDE,DESERT HOT SPRINGS,6,ADOPTED,IN,11/15/2022,1/12/2023,IN
315,RIVERSIDE,EASTVALE,6,ADOPTED,IN,5/6/2022,6/21/2022,IN
316,RIVERSIDE,HEMET,6,SUBSEQUENT DRAFT,OUT,10/16/2023,12/15/2023,OUT
317,RIVERSIDE,INDIAN WELLS,6,SUBSEQUENT DRAFT,OUT,11/15/2023,12/12/2023,OUT
318,RIVERSIDE,INDIO,6,ADOPTED,IN,4/8/2022,4/20/2022,IN
319,RIVERSIDE,JURUPA VALLEY,6,ADOPTED,IN,2/22/2022,4/21/2022,IN
320,RIVERSIDE,LA QUINTA,6,ADOPTED,IN REVIEW,2/28/2024,,OUT
321,RIVERSIDE,LAKE ELSINORE,6,ADOPTED,IN,8/25/2022,10/24/2022,IN
322,RIVERSIDE,MENIFEE,6,ADOPTED,IN,3/10/2023,4/5/2023,IN
323,RIVERSIDE,MORENO VALLEY,6,ADOPTED,IN,8/15/2022,10/11/2022,IN
324,RIVERSIDE,MURRIETA,6,ADOPTED,IN,10/26/2023,12/22/2023,IN
325,RIVERSIDE,NORCO,6,ADOPTED,IN,10/10/2022,10/13/2022,IN
326,RIVERSIDE,PALM DESERT,6,ADOPTED,IN,10/12/2022,11/4/2022,IN
327,RIVERSIDE,PALM SPRINGS,6,ADOPTED,IN,11/30/2023,1/19/2024,IN
328,RIVERSIDE,PERRIS,6,ADOPTED,IN,8/3/2022,9/22/2022,IN
329,RIVERSIDE,RANCHO MIRAGE,6,ADOPTED,IN,7/28/2022,8/17/2022,IN
330,RIVERSIDE,RIVERSIDE,6,ADOPTED,IN,8/22/2022,9/26/2022,IN
331,RIVERSIDE,RIVERSIDE COUNTY,6,SUBSEQUENT DRAFT,OUT,1/9/2024,3/8/2024,OUT
332,RIVERSIDE,SAN JACINTO,6,ADOPTED,IN,11/8/2023,1/4/2024,IN
333,RIVERSIDE,TEMECULA,6,ADOPTED,IN,10/17/2022,12/15/2022,IN
334,RIVERSIDE,WILDOMAR,6,ADOPTED,IN,10/18/2021,1/10/2022,IN
335,SACRAMENTO,CITRUS HEIGHTS,6,ADOPTED,IN,5/28/2021,8/18/2021,IN
336,SACRAMENTO,ELK GROVE,6,ADOPTED,IN,12/13/2021,2/16/2022,IN
337,SACRAMENTO,FOLSOM,6,ADOPTED,IN,8/27/2021,10/22/2021,IN
338,SACRAMENTO,GALT,6,ADOPTED,IN,5/4/2022,5/12/2022,IN
339,SACRAMENTO,ISLETON,6,ADOPTED,IN,10/6/2022,12/5/2022,IN
340,SACRAMENTO,RANCHO CORDOVA,6,ADOPTED,IN,6/30/2021,9/27/2021,IN
341,SACRAMENTO,SACRAMENTO,6,ADOPTED,IN,12/14/2021,12/22/2021,IN
342,SACRAMENTO,SACRAMENTO COUNTY,6,ADOPTED,IN,3/10/2022,5/9/2022,IN
343,SAN BENITO,HOLLISTER,6,INITIAL DRAFT,IN REVIEW,3/13/2024,,OUT
344,SAN BENITO,SAN BENITO COUNTY,6,NEW CYCLE,DUE,12/15/2023,12/15/2023,OUT
345,SAN BENITO,SAN JUAN BAUTISTA,6,INITIAL DRAFT,OUT,9/25/2023,12/20/2023,OUT
346,SAN BERNARDINO,ADELANTO,6,SUBSEQUENT DRAFT,IN REVIEW,3/13/2024,,OUT
347,SAN BERNARDINO,APPLE VALLEY,6,ADOPTED,IN,2/22/2023,2/24/2023,IN
348,SAN BERNARDINO,BARSTOW,6,ADOPTED,OUT,12/17/2021,3/16/2022,OUT
349,SAN BERNARDINO,BIG BEAR LAKE,6,ADOPTED,IN,9/23/2022,10/10/2022,IN
350,SAN BERNARDINO,CHINO,6,ADOPTED,OUT,1/20/2023,3/9/2023,OUT
351,SAN BERNARDINO,CHINO HILLS,6,ADOPTED,IN,8/17/2022,9/8/2022,IN
352,SAN BERNARDINO,COLTON,6,SUBSEQUENT DRAFT,OUT,10/12/2023,12/11/2023,OUT
353,SAN BERNARDINO,FONTANA,6,ADOPTED,IN,7/29/2022,8/9/2022,IN
354,SAN BERNARDINO,GRAND TERRACE,6,DRAFT,OUT,12/15/2021,2/10/2022,OUT
355,SAN BERNARDINO,HESPERIA,6,SUBSEQUENT DRAFT,IN,1/25/2023,3/24/2023,OUT
356,SAN BERNARDINO,HIGHLAND,6,ADOPTED,IN,6/23/2023,8/18/2023,IN
357,SAN BERNARDINO,LOMA LINDA,6,SUBSEQUENT DRAFT,OUT,1/12/2023,3/13/2023,OUT
358,SAN BERNARDINO,MONTCLAIR,6,SUBSEQUENT DRAFT,IN,7/19/2022,7/27/2022,OUT
359,SAN BERNARDINO,NEEDLES,6,ADOPTED,IN,9/15/2022,9/30/2022,IN
360,SAN BERNARDINO,ONTARIO,6,ADOPTED,IN,8/23/2022,10/7/2022,IN
361,SAN BERNARDINO,RANCHO CUCAMONGA,6,ADOPTED,IN,7/19/2022,9/7/2022,IN
362,SAN BERNARDINO,REDLANDS,6,ADOPTED,IN,10/6/2022,10/7/2022,IN
363,SAN BERNARDINO,RIALTO,6,ADOPTED,OUT,8/4/2023,10/3/2023,OUT
364,SAN BERNARDINO,SAN BERNARDINO,6,ADOPTED,IN REVIEW,3/12/2024,,OUT
365,SAN BERNARDINO,SAN BERNARDINO COUNTY,6,ADOPTED,IN,9/29/2022,11/28/2022,IN
366,SAN BERNARDINO,TWENTYNINE PALMS,6,ADOPTED,IN,1/4/2023,2/27/2023,IN
367,SAN BERNARDINO,UPLAND,6,SUBSEQUENT DRAFT,IN REVIEW,2/13/2024,,OUT
368,SAN BERNARDINO,VICTORVILLE,6,ADOPTED,IN,1/20/2022,2/9/2022,IN
369,SAN BERNARDINO,YUCAIPA,6,ADOPTED,IN,10/6/2022,10/21/2022,IN
370,SAN BERNARDINO,YUCCA VALLEY,6,ADOPTED,IN,4/13/2022,6/10/2022,IN
371,SAN DIEGO,CARLSBAD,6,ADOPTED,IN,4/15/2021,7/13/2021,IN
372,SAN DIEGO,CHULA VISTA,6,ADOPTED,IN,8/29/2022,10/28/2022,IN
373,SAN DIEGO,CORONADO,6,SUBSEQUENT DRAFT,OUT,1/17/2024,3/5/2024,OUT
374,SAN DIEGO,DEL MAR,6,ADOPTED,IN,4/6/2023,5/31/2023,IN
375,SAN DIEGO,EL CAJON,6,ADOPTED,IN,10/13/2022,10/27/2022,IN
376,SAN DIEGO,ENCINITAS,6,ADOPTED,IN,4/14/2021,7/13/2021,IN
377,SAN DIEGO,ESCONDIDO,6,ADOPTED,IN,10/13/2023,12/12/2023,IN
378,SAN DIEGO,IMPERIAL BEACH,6,ADOPTED,IN,6/28/2021,9/20/2021,IN
379,SAN DIEGO,LA MESA,6,ADOPTED,IN,5/8/2023,7/6/2023,IN
380,SAN DIEGO,LEMON GROVE,6,SUBSEQUENT DRAFT,OUT,10/27/2023,12/26/2023,OUT
381,SAN DIEGO,NATIONAL CITY,6,ADOPTED,IN,8/13/2021,11/10/2021,IN
382,SAN DIEGO,OCEANSIDE,6,ADOPTED,IN,9/18/2023,11/14/2023,IN
383,SAN DIEGO,POWAY,6,SUBSEQUENT DRAFT,OUT,1/22/2024,3/13/2024,OUT
384,SAN DIEGO,SAN DIEGO,6,ADOPTED,IN,6/14/2021,9/10/2021,IN
385,SAN DIEGO,SAN DIEGO COUNTY,6,ADOPTED,IN,8/4/2021,11/2/2021,IN
386,SAN DIEGO,SAN MARCOS,6,ADOPTED,IN,8/3/2021,9/16/2021,IN
387,SAN DIEGO,SANTEE,6,ADOPTED,IN,10/27/2022,12/6/2022,IN
388,SAN DIEGO,SOLANA BEACH,6,ADOPTED,IN,5/15/2023,6/8/2023,IN
389,SAN DIEGO,VISTA,6,ADOPTED,IN,7/12/2022,9/7/2022,IN
390,SAN FRANCISCO,SAN FRANCISCO,6,ADOPTED,IN,1/31/2023,2/1/2023,IN
391,SAN JOAQUIN,ESCALON,6,INITIAL DRAFT,IN REVIEW,12/29/2023,,OUT
392,SAN JOAQUIN,LATHROP,6,NEW CYCLE,DUE,12/31/2023,12/31/2023,OUT
393,SAN JOAQUIN,LODI,6,INITIAL DRAFT,IN,11/2/2023,1/29/2024,OUT
394,SAN JOAQUIN,MANTECA,6,NEW CYCLE,DUE,12/31/2023,12/31/2023,OUT
395,SAN JOAQUIN,RIPON,6,NEW CYCLE,DUE,12/31/2023,12/31/2023,OUT
396,SAN JOAQUIN,SAN JOAQUIN COUNTY,6,INITIAL DRAFT,IN REVIEW,3/18/2024,,OUT
397,SAN JOAQUIN,STOCKTON,6,SUBSEQUENT DRAFT,IN REVIEW,2/6/2024,,OUT
398,SAN JOAQUIN,TRACY,6,INITIAL DRAFT,OUT,11/22/2023,2/20/2024,OUT
399,SAN LUIS OBISPO,ARROYO GRANDE,6,ADOPTED,IN,2/10/2021,5/5/2021,IN
400,SAN LUIS OBISPO,ATASCADERO,6,ADOPTED,IN,12/9/2020,1/12/2021,IN
401,SAN LUIS OBISPO,GROVER BEACH,6,ADOPTED,IN,12/2/2020,3/2/2021,IN
402,SAN LUIS OBISPO,MORRO BAY,6,ADOPTED,IN,9/2/2020,9/4/2020,IN
403,SAN LUIS OBISPO,PASO ROBLES,6,ADOPTED,IN,12/9/2020,3/9/2021,IN
404,SAN LUIS OBISPO,PISMO BEACH,6,ADOPTED,IN,11/23/2020,2/16/2021,IN
405,SAN LUIS OBISPO,SAN LUIS OBISPO,6,ADOPTED,IN,7/23/2021,9/3/2021,IN
406,SAN LUIS OBISPO,SAN LUIS OBISPO COUNTY,6,ADOPTED,IN,12/10/2020,3/10/2021,IN
407,SAN MATEO,ATHERTON,6,ADOPTED,OUT,2/3/2023,4/4/2023,OUT
408,SAN MATEO,BELMONT,6,SUBSEQUENT DRAFT,OUT,10/19/2023,12/18/2023,OUT
409,SAN MATEO,BRISBANE,6,ADOPTED,IN,5/19/2023,5/25/2023,IN
410,SAN MATEO,BURLINGAME,6,ADOPTED,IN REVIEW,3/15/2024,,OUT
411,SAN MATEO,COLMA,6,ADOPTED,IN,1/11/2024,3/11/2024,IN
412,SAN MATEO,DALY CITY,6,SUBSEQUENT DRAFT,OUT,12/15/2023,2/13/2024,OUT
413,SAN MATEO,EAST PALO ALTO,6,SUBSEQUENT DRAFT,IN,12/22/2023,2/20/2024,OUT
414,SAN MATEO,FOSTER CITY,6,SUBSEQUENT DRAFT,IN,1/31/2024,2/2/2024,OUT
415,SAN MATEO,HALF MOON BAY,6,INITIAL DRAFT,OUT,6/1/2023,8/30/2023,OUT
416,SAN MATEO,HILLSBOROUGH,6,ADOPTED,IN REVIEW,2/1/2024,,OUT
417,SAN MATEO,MENLO PARK,6,ADOPTED,IN REVIEW,1/24/2024,,OUT
418,SAN MATEO,MILLBRAE,6,ADOPTED,IN,2/28/2024,3/1/2024,IN
419,SAN MATEO,PACIFICA,6,ADOPTED,IN REVIEW,1/29/2024,,OUT
420,SAN MATEO,PORTOLA VALLEY,6,ADOPTED,IN,1/26/2024,1/30/2024,IN
421,SAN MATEO,REDWOOD CITY,6,ADOPTED,IN,2/22/2023,3/27/2023,IN
422,SAN MATEO,SAN BRUNO,6,SUBSEQUENT DRAFT,IN REVIEW,3/19/2024,,OUT
423,SAN MATEO,SAN CARLOS,6,ADOPTED,OUT,8/25/2023,10/24/2023,OUT
424,SAN MATEO,SAN MATEO,6,SUBSEQUENT DRAFT,IN,11/22/2023,1/19/2024,OUT
425,SAN MATEO,SAN MATEO COUNTY,6,INITIAL DRAFT,OUT,1/20/2023,4/20/2023,OUT
426,SAN MATEO,SOUTH SAN FRANCISCO,6,ADOPTED,IN,10/27/2023,11/20/2023,IN
427,SAN MATEO,WOODSIDE,6,SUBSEQUENT DRAFT,IN REVIEW,3/15/2024,,OUT
428,SANTA BARBARA,BUELLTON,6,ADOPTED,IN,6/2/2023,8/1/2023,IN
429,SANTA BARBARA,CARPINTERIA,6,ADOPTED,IN REVIEW,1/24/2024,,OUT
430,SANTA BARBARA,GOLETA,6,ADOPTED,IN,12/7/2023,2/5/2024,IN
431,SANTA BARBARA,GUADALUPE,6,INITIAL DRAFT,OUT,7/21/2023,10/19/2023,OUT
432,SANTA BARBARA,LOMPOC,6,ADOPTED,OUT,12/1/2023,1/29/2024,OUT
433,SANTA BARBARA,SANTA BARBARA,6,ADOPTED,IN,12/21/2023,2/13/2024,IN
434,SANTA BARBARA,SANTA BARBARA COUNTY,6,ADOPTED,IN,12/8/2023,1/22/2024,IN
435,SANTA BARBARA,SANTA MARIA,6,ADOPTED,IN,12/12/2023,1/2/2024,IN
436,SANTA BARBARA,SOLVANG,6,ADOPTED,IN,12/14/2023,2/12/2024,IN
437,SANTA CLARA,CAMPBELL,6,ADOPTED,IN,4/26/2023,5/30/2023,IN
438,SANTA CLARA,CUPERTINO,6,SUBSEQUENT DRAFT,IN REVIEW,2/27/2024,,OUT
439,SANTA CLARA,GILROY,6,ADOPTED,IN,8/9/2023,8/21/2023,IN
440,SANTA CLARA,LOS ALTOS,6,ADOPTED,IN,8/18/2023,9/5/2023,IN
441,SANTA CLARA,LOS ALTOS HILLS,6,ADOPTED,IN,4/27/2023,5/30/2023,IN
442,SANTA CLARA,LOS GATOS,6,SUBSEQUENT DRAFT,IN REVIEW,3/18/2024,,OUT
443,SANTA CLARA,MILPITAS,6,ADOPTED,IN,5/16/2023,5/17/2023,IN
444,SANTA CLARA,MONTE SERENO,6,SUBSEQUENT DRAFT,IN REVIEW,2/22/2024,,OUT
445,SANTA CLARA,MORGAN HILL,6,ADOPTED,IN,10/5/2023,11/29/2023,IN
446,SANTA CLARA,MOUNTAIN VIEW,6,ADOPTED,IN,4/26/2023,5/26/2023,IN
447,SANTA CLARA,PALO ALTO,6,ADOPTED,OUT,6/7/2023,8/3/2023,OUT
448,SANTA CLARA,SAN JOSE,6,ADOPTED,IN,11/30/2023,1/29/2024,IN
449,SANTA CLARA,SANTA CLARA,6,ADOPTED,OUT,8/23/2023,10/20/2023,OUT
450,SANTA CLARA,SANTA CLARA COUNTY,6,SUBSEQUENT DRAFT,OUT,10/19/2023,12/18/2023,OUT
451,SANTA CLARA,SARATOGA,6,SUBSEQUENT DRAFT,IN REVIEW,1/25/2024,,OUT
452,SANTA CLARA,SUNNYVALE,6,ADOPTED,IN,2/29/2024,3/6/2024,IN
453,SANTA CRUZ,CAPITOLA,6,ADOPTED,OUT,11/15/2023,1/12/2024,OUT
454,SANTA CRUZ,SANTA CRUZ,6,ADOPTED,IN,12/15/2023,12/20/2023,IN
455,SANTA CRUZ,SANTA CRUZ COUNTY,6,ADOPTED,IN REVIEW,2/23/2024,,OUT
456,SANTA CRUZ,SCOTTS VALLEY,6,ADOPTED,IN REVIEW,2/2/2024,,OUT
457,SANTA CRUZ,WATSONVILLE,6,INITIAL DRAFT,IN REVIEW,2/12/2024,,OUT
458,SHASTA,ANDERSON,6,ADOPTED,IN,7/24/2020,8/4/2020,IN
459,SHASTA,REDDING,6,ADOPTED,IN,6/16/2020,6/19/2020,IN
460,SHASTA,SHASTA COUNTY,6,ADOPTED,IN,8/10/2020,8/14/2020,IN
461,SHASTA,SHASTA LAKE,6,ADOPTED,IN,8/12/2020,9/11/2020,IN
462,SIERRA,LOYALTON,6,ADOPTED,IN,5/12/2021,6/22/2021,IN
463,SIERRA,SIERRA COUNTY,6,ADOPTED,IN,12/3/2020,12/31/2020,IN
464,SISKIYOU,DORRIS,6,INITIAL DRAFT,OUT,11/1/2023,1/29/2024,OUT
465,SISKIYOU,DUNSMUIR,6,INITIAL DRAFT,OUT,12/6/2023,3/4/2024,OUT
466,SISKIYOU,ETNA,6,INITIAL DRAFT,OUT,11/9/2023,2/7/2024,OUT
467,SISKIYOU,FORT JONES,6,INITIAL DRAFT,OUT,12/11/2023,3/6/2024,OUT
468,SISKIYOU,MONTAGUE,6,INITIAL DRAFT,OUT,11/20/2023,2/13/2024,OUT
469,SISKIYOU,MOUNT SHASTA,6,ADOPTED,OUT,1/12/2024,3/12/2024,OUT
470,SISKIYOU,SISKIYOU COUNTY,6,ADOPTED,IN,11/16/2023,1/8/2024,IN
471,SISKIYOU,TULELAKE,6,INITIAL DRAFT,OUT,11/2/2023,1/31/2024,OUT
472,SISKIYOU,WEED,6,INITIAL DRAFT,OUT,9/6/2023,12/5/2023,OUT
473,SISKIYOU,YREKA,6,ADOPTED,IN,7/3/2023,9/1/2023,IN
474,SOLANO,BENICIA,6,ADOPTED,IN REVIEW,3/5/2024,,OUT
475,SOLANO,DIXON,6,ADOPTED,IN,3/27/2023,5/24/2023,IN
476,SOLANO,FAIRFIELD,6,ADOPTED,IN,2/9/2023,4/10/2023,IN
477,SOLANO,RIO VISTA,6,ADOPTED,IN,7/31/2023,9/1/2023,IN
478,SOLANO,SOLANO COUNTY,6,ADOPTED,IN REVIEW,2/9/2024,,OUT
479,SOLANO,SUISUN CITY,6,ADOPTED,IN,3/24/2023,5/23/2023,IN
480,SOLANO,VACAVILLE,6,ADOPTED,IN,7/28/2023,9/18/2023,IN
481,SOLANO,VALLEJO,6,INITIAL DRAFT,OUT,11/2/2023,1/31/2024,OUT
482,SONOMA,CLOVERDALE,6,ADOPTED,IN,7/31/2023,9/26/2023,IN
483,SONOMA,COTATI,6,ADOPTED,IN,4/3/2023,6/2/2023,IN
484,SONOMA,HEALDSBURG,6,ADOPTED,IN,5/2/2023,6/29/2023,IN
485,SONOMA,PETALUMA,6,ADOPTED,IN,3/22/2023,5/18/2023,IN
486,SONOMA,ROHNERT PARK,6,ADOPTED,IN,1/26/2023,3/20/2023,IN
487,SONOMA,SANTA ROSA,6,ADOPTED,IN,2/16/2023,4/7/2023,IN
488,SONOMA,SEBASTOPOL,6,ADOPTED,IN,1/9/2023,3/7/2023,IN
489,SONOMA,SONOMA,6,ADOPTED,IN,2/14/2023,4/13/2023,IN
490,SONOMA,SONOMA COUNTY,6,ADOPTED,IN,8/30/2023,10/26/2023,IN
491,SONOMA,WINDSOR,6,ADOPTED,IN,8/18/2023,8/31/2023,IN
492,STANISLAUS,CERES,6,INITIAL DRAFT,OUT,9/15/2023,12/14/2023,OUT
493,STANISLAUS,HUGHSON,6,NEW CYCLE,DUE,12/31/2023,12/31/2023,OUT
494,STANISLAUS,MODESTO,6,SUBSEQUENT DRAFT,IN REVIEW,2/23/2024,,OUT
495,STANISLAUS,NEWMAN,6,INITIAL DRAFT,OUT,10/25/2023,1/23/2024,OUT
496,STANISLAUS,OAKDALE,6,NEW CYCLE,DUE,12/31/2023,12/31/2023,OUT
497,STANISLAUS,PATTERSON,6,NEW CYCLE,DUE,12/31/2023,12/31/2023,OUT
498,STANISLAUS,RIVERBANK,6,NEW CYCLE,DUE,12/31/2023,12/31/2023,OUT
499,STANISLAUS,STANISLAUS COUNTY,6,INITIAL DRAFT,OUT,11/17/2023,2/14/2024,OUT
500,STANISLAUS,TURLOCK,6,NEW CYCLE,DUE,12/31/2023,12/31/2023,OUT
501,STANISLAUS,WATERFORD,6,NEW CYCLE,DUE,12/31/2023,12/31/2023,OUT
502,SUTTER,LIVE OAK,6,ADOPTED,OUT,9/13/2021,12/9/2021,OUT
503,SUTTER,SUTTER COUNTY,6,ADOPTED,IN,8/16/2021,11/9/2021,IN
504,SUTTER,YUBA CITY,6,ADOPTED,IN,3/16/2022,5/5/2022,IN
505,TEHAMA,CORNING,6,ADOPTED,IN,1/8/2021,3/22/2021,IN
506,TEHAMA,RED BLUFF,6,ADOPTED,IN,5/6/2020,5/19/2020,IN
507,TEHAMA,TEHAMA,6,ADOPTED,IN,10/23/2020,1/15/2021,IN
508,TEHAMA,TEHAMA COUNTY,6,ADOPTED,IN,9/4/2019,10/2/2019,IN
509,TRINITY,TRINITY COUNTY,6,ADOPTED,IN,4/2/2020,4/6/2020,IN
510,TULARE,DINUBA,6,NEW CYCLE,DUE,12/31/2023,12/31/2023,OUT
511,TULARE,EXETER,6,NEW CYCLE,DUE,12/31/2023,12/31/2023,OUT
512,TULARE,FARMERSVILLE,6,NEW CYCLE,DUE,12/31/2023,12/31/2023,OUT
513,TULARE,LINDSAY,6,NEW CYCLE,DUE,12/31/2023,12/31/2023,OUT
514,TULARE,PORTERVILLE,6,NEW CYCLE,DUE,12/31/2023,12/31/2023,OUT
515,TULARE,TULARE,6,NEW CYCLE,DUE,12/31/2023,12/31/2023,OUT
516,TULARE,TULARE COUNTY,6,SUBSEQUENT DRAFT,IN REVIEW,3/14/2024,,OUT
517,TULARE,VISALIA,6,ADOPTED,OUT,12/28/2023,2/26/2024,OUT
518,TULARE,WOODLAKE,6,NEW CYCLE,DUE,12/31/2023,12/31/2023,OUT
519,TUOLUMNE,SONORA,6,ADOPTED,IN,4/28/2020,5/6/2020,IN
520,TUOLUMNE,TUOLUMNE COUNTY,7,INITIAL DRAFT,OUT,12/19/2023,3/18/2024,IN
521,VENTURA,CAMARILLO,6,ADOPTED,IN,3/23/2023,4/14/2023,IN
522,VENTURA,FILLMORE,6,SUBSEQUENT DRAFT,OUT,11/28/2023,1/25/2024,OUT
523,VENTURA,MOORPARK,6,ADOPTED,IN,2/22/2023,4/20/2023,IN
524,VENTURA,OJAI,6,ADOPTED,IN,8/1/2023,8/10/2023,IN
525,VENTURA,OXNARD,6,ADOPTED,IN,10/5/2022,10/25/2022,IN
526,VENTURA,PORT HUENEME,6,ADOPTED,IN,8/15/2022,10/5/2022,IN
527,VENTURA,SANTA PAULA,6,ADOPTED,IN,12/22/2023,2/12/2024,IN
528,VENTURA,SIMI VALLEY,6,ADOPTED,IN,3/23/2023,5/18/2023,IN
529,VENTURA,THOUSAND OAKS,6,SUBSEQUENT DRAFT,IN,7/12/2023,9/8/2023,OUT
530,VENTURA,VENTURA,6,ADOPTED,IN,8/16/2023,10/9/2023,IN
531,VENTURA,VENTURA COUNTY,6,ADOPTED,IN,10/15/2021,12/22/2021,IN
532,YOLO,DAVIS,6,ADOPTED,IN,12/14/2023,2/8/2024,IN
533,YOLO,WEST SACRAMENTO,6,ADOPTED,IN,11/30/2021,2/16/2022,IN
534,YOLO,WINTERS,6,ADOPTED,IN,3/29/2022,5/11/2022,IN
535,YOLO,WOODLAND,6,ADOPTED,IN,4/3/2023,4/28/2023,IN
536,YOLO,YOLO COUNTY,6,ADOPTED,IN,9/24/2021,12/21/2021,IN
537,YUBA,MARYSVILLE,6,ADOPTED,IN,12/10/2021,2/2/2022,IN
538,YUBA,WHEATLAND,6,SUBSEQUENT DRAFT,OUT,9/19/2023,11/16/2023,OUT
539,YUBA,YUBA COUNTY,6,ADOPTED,IN,9/14/2021,12/10/2021,IN
540,,,,,,,,
541,No filters applied,,,,,,,
